LotFrontage,LotArea,Street,OverallQual,OverallCond,YearBuilt,MoSold,YrSold,SalePrice
65.0,8450,Pave,7,5,2003,2,2008,208500
80.0,9600,Pave,6,8,1976,5,2007,181500
68.0,11250,Pave,7,5,2001,9,2008,223500
60.0,9550,Pave,7,5,1915,2,2006,140000
84.0,14260,Pave,8,5,2000,12,2008,250000
85.0,14115,Pave,5,5,1993,10,2009,143000
75.0,10084,Pave,8,5,2004,8,2007,307000
,10382,Pave,7,6,1973,11,2009,200000
51.0,6120,Pave,7,5,1931,4,2008,129900
50.0,7420,Pave,5,6,1939,1,2008,118000
70.0,11200,Pave,5,5,1965,2,2008,129500
85.0,11924,Pave,9,5,2005,7,2006,345000
,12968,Pave,5,6,1962,9,2008,144000
91.0,10652,Pave,7,5,2006,8,2007,279500
,10920,Pave,6,5,1960,5,2008,157000
51.0,6120,Pave,7,8,1929,7,2007,132000
,11241,Pave,6,7,1970,3,2010,149000
72.0,10791,Pave,4,5,1967,10,2006,90000
66.0,13695,Pave,5,5,2004,6,2008,159000
70.0,7560,Pave,5,6,1958,5,2009,139000
101.0,14215,Pave,8,5,2005,11,2006,325300
57.0,7449,Pave,7,7,1930,6,2007,139400
75.0,9742,Pave,8,5,2002,9,2008,230000
44.0,4224,Pave,5,7,1976,6,2007,129900
,8246,Pave,5,8,1968,5,2010,154000
110.0,14230,Pave,8,5,2007,7,2009,256300
60.0,7200,Pave,5,7,1951,5,2010,134800
98.0,11478,Pave,8,5,2007,5,2010,306000
47.0,16321,Pave,5,6,1957,12,2006,207500
60.0,6324,Pave,4,6,1927,5,2008,68500
50.0,8500,Pave,4,4,1920,7,2008,40000
,8544,Pave,5,6,1966,6,2008,149350
85.0,11049,Pave,8,5,2007,1,2008,179900
70.0,10552,Pave,5,5,1959,4,2010,165500
60.0,7313,Pave,9,5,2005,8,2007,277500
108.0,13418,Pave,8,5,2004,9,2006,309000
112.0,10859,Pave,5,5,1994,6,2009,145000
74.0,8532,Pave,5,6,1954,10,2009,153000
68.0,7922,Pave,5,7,1953,1,2010,109000
65.0,6040,Pave,4,5,1955,6,2008,82000
84.0,8658,Pave,6,5,1965,12,2006,160000
115.0,16905,Pave,5,6,1959,7,2007,170000
,9180,Pave,5,7,1983,12,2007,144000
,9200,Pave,5,6,1975,7,2008,130250
70.0,7945,Pave,5,6,1959,5,2006,141000
61.0,7658,Pave,9,5,2005,2,2010,319900
48.0,12822,Pave,7,5,2003,8,2009,239686
84.0,11096,Pave,8,5,2006,7,2007,249700
33.0,4456,Pave,4,5,1920,6,2009,113000
66.0,7742,Pave,5,7,1966,1,2007,127000
,13869,Pave,6,6,1997,7,2007,177000
52.0,6240,Pave,6,6,1934,9,2006,114500
110.0,8472,Grvl,5,5,1963,5,2010,110000
68.0,50271,Pave,9,5,1981,11,2006,385000
60.0,7134,Pave,5,5,1955,2,2007,130000
100.0,10175,Pave,6,5,1964,7,2008,180500
24.0,2645,Pave,8,5,1999,8,2009,172500
89.0,11645,Pave,7,5,2004,8,2006,196500
66.0,13682,Pave,10,5,2006,10,2006,438780
60.0,7200,Pave,5,7,1972,1,2008,124900
63.0,13072,Pave,6,5,2004,5,2006,158000
60.0,7200,Pave,5,7,1920,3,2007,101000
44.0,6442,Pave,8,5,2006,10,2007,202500
50.0,10300,Pave,7,6,1921,4,2010,140000
,9375,Pave,7,5,1997,2,2009,219500
76.0,9591,Pave,8,5,2004,10,2007,317000
,19900,Pave,7,5,1970,7,2010,180000
72.0,10665,Pave,7,5,2003,6,2007,226000
47.0,4608,Pave,4,6,1945,6,2010,80000
81.0,15593,Pave,7,4,1953,7,2006,225000
95.0,13651,Pave,7,6,1973,2,2007,244000
69.0,7599,Pave,4,6,1982,6,2007,129500
74.0,10141,Pave,7,5,1998,12,2009,185000
85.0,10200,Pave,5,7,1954,5,2010,144900
60.0,5790,Pave,3,6,1915,5,2010,107400
21.0,1596,Pave,4,5,1973,11,2009,91000
,8475,Pave,4,7,1956,4,2008,135750
50.0,8635,Pave,5,5,1948,1,2008,127000
72.0,10778,Pave,4,5,1968,4,2010,136500
60.0,10440,Pave,5,6,1910,5,2009,110000
100.0,13000,Pave,6,6,1968,6,2009,193500
32.0,4500,Pave,6,5,1998,3,2006,153500
78.0,10206,Pave,8,5,2007,10,2008,245000
80.0,8892,Pave,5,5,1960,7,2007,126500
,8530,Pave,7,5,1995,5,2009,168500
121.0,16059,Pave,8,5,1991,4,2006,260000
122.0,11911,Pave,6,5,2005,3,2009,174000
40.0,3951,Pave,6,5,2009,6,2009,164500
105.0,8470,Pave,3,2,1915,10,2009,85000
60.0,8070,Pave,4,5,1994,8,2007,123600
60.0,7200,Pave,4,5,1950,7,2006,109900
85.0,8500,Pave,5,3,1961,12,2006,98600
80.0,13360,Pave,5,7,1921,8,2009,163500
60.0,7200,Pave,6,6,1910,11,2007,133900
69.0,9337,Pave,6,5,1997,5,2007,204750
,9765,Pave,6,8,1993,4,2009,185000
78.0,10264,Pave,7,5,1999,8,2006,214000
73.0,10921,Pave,4,5,1965,5,2007,94750
85.0,10625,Pave,5,5,1920,5,2010,83000
77.0,9320,Pave,4,5,1959,1,2010,128950
,10603,Pave,6,7,1977,2,2010,205000
77.0,9206,Pave,6,5,1985,6,2010,178000
64.0,7018,Pave,5,5,1979,6,2009,118964
94.0,10402,Pave,7,5,2009,5,2010,198900
,7758,Pave,7,4,1931,6,2007,169500
75.0,9375,Pave,8,5,2003,8,2008,250000
60.0,10800,Pave,4,7,1885,8,2007,100000
50.0,6000,Pave,5,5,1948,4,2008,115000
85.0,8500,Pave,5,7,1919,8,2007,115000
105.0,11751,Pave,6,6,1977,1,2010,190000
75.0,9525,Pave,6,4,1954,10,2006,136900
,7750,Pave,7,5,2000,4,2010,180000
77.0,9965,Pave,7,5,2007,10,2007,383970
,21000,Pave,6,5,1953,10,2007,217000
61.0,7259,Pave,6,8,1945,7,2007,259500
34.0,3230,Pave,6,5,1999,6,2007,176000
,11616,Pave,5,5,1962,9,2009,139000
74.0,8536,Pave,5,5,2006,4,2007,155000
90.0,12376,Pave,7,5,1990,5,2010,320000
65.0,8461,Pave,6,5,2005,7,2006,163990
,21453,Pave,6,5,1969,10,2006,180000
50.0,6060,Pave,4,5,1939,6,2007,100000
75.0,9464,Pave,6,7,1958,6,2008,136000
55.0,7892,Pave,6,5,1993,3,2008,153900
48.0,17043,Pave,6,5,1979,1,2009,181000
60.0,6780,Pave,6,8,1935,6,2006,84500
,4928,Pave,6,5,1976,2,2007,128000
55.0,4388,Pave,5,7,1930,6,2007,87000
69.0,7590,Pave,6,5,1966,7,2006,155000
69.0,8973,Pave,5,7,1958,7,2006,150000
88.0,14200,Pave,7,6,1966,5,2006,226000
,12224,Pave,6,5,2000,7,2009,244000
75.0,7388,Pave,5,6,1959,7,2007,150750
,6853,Pave,8,5,2001,6,2009,220000
78.0,10335,Pave,5,6,1968,7,2006,180000
80.0,10400,Pave,7,6,1970,5,2008,174000
,10355,Pave,5,5,1967,7,2007,143000
82.0,11070,Pave,7,5,1988,7,2006,171000
73.0,9066,Pave,8,5,1999,12,2008,230000
65.0,15426,Pave,6,5,1997,8,2009,231500
70.0,10500,Pave,4,5,1971,4,2010,115000
78.0,11645,Pave,7,5,2005,1,2006,260000
71.0,8520,Pave,5,4,1952,6,2010,166000
78.0,10335,Pave,7,5,1999,6,2009,204000
70.0,9100,Pave,5,5,1963,11,2006,125000
24.0,2522,Pave,6,5,2004,4,2006,130000
51.0,6120,Pave,5,7,1931,11,2009,105000
,9505,Pave,7,5,2001,5,2010,222500
63.0,7500,Pave,7,5,2004,4,2008,141000
,6240,Pave,5,4,1936,4,2006,115000
120.0,10356,Pave,5,6,1975,1,2007,122000
107.0,13891,Pave,8,5,2007,1,2008,372402
,14803,Pave,6,5,1971,6,2006,190000
,13500,Pave,6,7,1960,3,2008,235000
84.0,11340,Pave,6,5,1923,3,2006,125000
60.0,9600,Pave,6,5,1924,4,2008,79000
60.0,7200,Pave,5,7,1950,6,2006,109500
92.0,12003,Pave,8,5,2009,5,2010,269500
100.0,12552,Pave,7,5,2004,5,2010,254900
134.0,19378,Pave,7,5,2005,3,2006,320000
,11120,Pave,6,6,1984,6,2008,162500
110.0,13688,Pave,9,5,2003,3,2008,412500
95.0,12182,Pave,7,5,2005,5,2010,220000
55.0,5500,Pave,4,6,1956,4,2007,103200
40.0,5400,Pave,6,7,1926,10,2007,152000
62.0,10106,Pave,5,7,1940,9,2008,127500
,10708,Pave,5,5,1955,11,2009,190000
86.0,10562,Pave,8,5,2007,11,2007,325624
62.0,8244,Pave,7,5,2004,5,2007,183500
,16669,Pave,8,6,1981,1,2006,228000
,12358,Pave,5,6,1941,5,2007,128500
141.0,31770,Pave,6,5,1960,5,2010,215000
44.0,5306,Pave,7,7,1987,6,2006,239000
80.0,10197,Pave,6,5,1961,6,2008,163000
47.0,12416,Pave,6,5,1986,11,2008,184000
84.0,12615,Pave,6,7,1950,6,2007,243000
97.0,10029,Pave,6,5,1988,9,2007,211000
,13650,Pave,5,5,1958,7,2006,172500
63.0,17423,Pave,9,5,2008,7,2009,501837
60.0,8520,Pave,5,6,1923,7,2007,100000
,2117,Pave,6,5,2000,6,2007,177000
54.0,7588,Pave,7,6,1920,7,2006,200100
60.0,9060,Pave,5,6,1957,6,2007,120000
63.0,11426,Pave,7,5,2003,6,2008,200000
92.0,7438,Pave,5,8,1908,6,2006,127000
90.0,22950,Pave,10,9,1892,6,2006,475000
,9947,Pave,7,5,1990,6,2009,173000
60.0,10410,Pave,5,7,1916,8,2009,135000
64.0,7018,Pave,5,5,1979,6,2009,153337
41.0,4923,Pave,8,5,2001,8,2008,286000
70.0,10570,Pave,8,8,1932,12,2007,315000
,7472,Pave,7,9,1972,6,2007,184000
68.0,9017,Pave,7,5,1999,9,2009,192000
24.0,2522,Pave,7,5,2004,5,2006,130000
60.0,7180,Pave,5,7,1972,5,2008,127000
24.0,2280,Pave,6,6,1976,7,2009,148500
79.0,9416,Pave,7,5,2007,9,2007,311872
174.0,25419,Pave,8,4,1918,3,2006,235000
92.0,5520,Pave,6,6,1912,7,2009,104000
76.0,9591,Pave,8,5,2004,1,2009,274900
80.0,8546,Pave,4,5,2003,3,2010,140000
75.0,10125,Pave,6,6,1977,2,2008,171500
50.0,7000,Pave,6,6,1924,5,2006,112000
,4438,Pave,6,5,2004,1,2008,149000
50.0,3500,Pave,5,7,1947,4,2009,110000
99.0,11851,Pave,7,5,1990,5,2009,180500
40.0,13673,Pave,5,5,1962,3,2007,143900
,12493,Pave,4,5,1960,4,2008,141000
,14364,Pave,7,5,1988,4,2007,277000
75.0,8250,Pave,6,7,1964,7,2008,145000
67.0,5604,Pave,5,6,1925,4,2008,98000
83.0,10420,Pave,6,5,2009,3,2010,186000
72.0,8640,Pave,7,5,2009,7,2009,252678
43.0,13568,Pave,5,5,1995,7,2006,156000
,10900,Pave,6,7,1977,3,2010,161750
72.0,10011,Pave,5,6,1957,5,2006,134450
65.0,8450,Pave,7,5,2004,4,2008,210000
57.0,9906,Pave,4,4,1925,9,2006,107000
,15660,Pave,7,9,1939,5,2008,311500
43.0,3010,Pave,7,5,2005,3,2006,167240
73.0,8990,Pave,7,5,2006,4,2006,204900
,8068,Pave,6,5,2002,12,2009,200000
85.0,11475,Pave,6,6,1975,2,2006,179900
70.0,10500,Pave,4,6,1971,3,2009,97000
103.0,13472,Pave,10,5,2003,6,2009,386250
21.0,1680,Pave,5,5,1971,5,2009,112000
82.0,9950,Pave,7,5,1995,6,2007,290000
21.0,1869,Pave,6,6,1970,9,2008,106000
70.0,8521,Pave,5,5,1967,5,2010,125000
43.0,3182,Pave,7,5,2005,5,2009,192500
73.0,8760,Pave,6,6,1959,4,2010,148000
174.0,15138,Pave,8,5,1995,7,2009,403000
21.0,1680,Pave,6,5,1972,6,2006,94500
75.0,10650,Pave,5,6,1976,2,2010,128200
,7851,Pave,6,5,2002,5,2010,216500
21.0,1680,Pave,6,3,1971,8,2008,89500
65.0,8773,Pave,7,5,2004,5,2010,185500
,9453,Pave,7,7,1993,2,2010,194500
93.0,12030,Pave,8,5,2007,12,2007,318000
52.0,8741,Pave,6,4,1945,4,2010,113000
75.0,9000,Pave,8,5,2008,4,2010,262500
40.0,3880,Pave,5,9,1945,8,2007,110500
63.0,5000,Pave,5,4,1900,4,2006,79000
75.0,10762,Pave,6,6,1980,4,2009,120000
,8880,Pave,7,5,1994,5,2010,205000
80.0,10400,Pave,7,5,1988,6,2006,241500
69.0,9142,Pave,6,8,1910,4,2006,137000
75.0,11310,Pave,6,5,1954,6,2006,140000
72.0,11317,Pave,7,5,2003,9,2007,180000
,159000,Pave,6,7,1958,6,2007,277000
55.0,5350,Pave,3,2,1940,5,2010,76500
44.0,4750,Pave,8,5,2006,12,2007,235000
65.0,8366,Pave,6,5,2004,12,2008,173000
85.0,9350,Pave,6,7,1964,10,2007,158000
70.0,8400,Pave,5,6,1957,6,2010,145000
66.0,8738,Pave,7,5,1999,2,2006,230000
64.0,8791,Pave,6,5,2003,5,2008,207500
68.0,8814,Pave,7,5,2006,3,2009,220000
80.0,12435,Pave,7,5,2001,5,2008,231500
70.0,12702,Pave,5,5,1956,12,2008,97000
120.0,19296,Pave,6,5,1962,5,2009,176000
69.0,9588,Pave,8,5,2007,11,2007,276000
88.0,8471,Pave,6,7,1977,7,2006,151000
50.0,5500,Pave,5,7,1929,4,2010,130000
30.0,5232,Pave,5,5,1925,6,2008,73000
78.0,12090,Pave,6,6,1981,6,2008,175500
70.0,11207,Pave,6,5,1997,6,2006,185000
60.0,8400,Pave,5,8,1939,7,2008,179500
71.0,6900,Pave,5,6,1940,2,2008,120500
,7917,Pave,6,7,1976,5,2007,148000
84.0,10728,Pave,8,5,2006,8,2006,266000
73.0,39104,Pave,7,7,1954,4,2008,241500
92.0,11764,Pave,8,7,1999,4,2010,290000
80.0,9600,Pave,6,6,1958,4,2009,139000
76.0,8314,Pave,5,7,1982,6,2007,124500
55.0,7264,Pave,7,7,1925,10,2009,205000
129.0,9196,Pave,7,5,2003,4,2010,201000
140.0,19138,Pave,4,5,1951,6,2010,141000
107.0,14450,Pave,9,5,2006,5,2007,415298
83.0,10005,Pave,7,5,1977,3,2008,192000
82.0,11287,Pave,7,6,1989,1,2007,228500
60.0,7200,Pave,6,5,2006,5,2006,185000
34.0,5063,Pave,7,5,2007,4,2009,207500
74.0,9612,Pave,8,5,2008,12,2009,244600
50.0,8012,Pave,6,5,1992,7,2007,179200
35.0,4251,Pave,7,5,2006,6,2007,164700
77.0,9786,Pave,6,7,1962,6,2006,159000
,8125,Pave,4,4,1971,6,2006,88000
,9819,Pave,5,5,1967,2,2010,122000
60.0,8730,Pave,6,7,1915,7,2007,153575
120.0,15611,Pave,8,5,2006,7,2006,233230
55.0,5687,Pave,5,6,1912,3,2008,135900
60.0,11409,Pave,5,4,1949,1,2009,131000
,16659,Pave,7,7,1977,3,2006,235000
80.0,9600,Pave,6,5,1953,10,2009,167000
37.0,7937,Pave,6,6,1984,3,2006,142500
75.0,13710,Pave,5,5,1950,6,2007,152000
66.0,7399,Pave,7,5,1997,6,2007,239000
90.0,11700,Pave,6,6,1968,6,2007,175000
80.0,14000,Pave,6,8,1950,8,2009,158500
90.0,15750,Pave,5,5,1953,6,2006,157000
66.0,16226,Pave,8,5,1998,5,2007,267000
118.0,13704,Pave,7,5,2001,1,2006,205000
70.0,9800,Pave,5,7,1972,7,2006,149900
87.0,18386,Pave,7,9,1880,5,2008,295000
80.0,10386,Pave,8,5,2004,7,2007,305900
116.0,13474,Pave,7,5,1990,6,2007,225000
,7920,Pave,6,7,1920,3,2008,89500
,12342,Pave,4,5,1940,3,2009,82500
90.0,12378,Pave,9,5,2003,11,2006,360000
,7685,Pave,6,5,1993,5,2006,165600
50.0,8000,Pave,6,6,1948,5,2009,132000
65.0,7800,Pave,5,7,1939,5,2006,119900
150.0,215245,Pave,7,5,1965,6,2009,375000
60.0,9600,Pave,7,7,1925,8,2006,178000
71.0,7795,Pave,7,5,2004,7,2009,188500
94.0,13005,Pave,7,7,1980,8,2009,260000
75.0,9000,Pave,8,5,2006,12,2007,270000
90.0,9900,Pave,7,5,1993,4,2009,260000
,14115,Pave,7,5,1980,6,2009,187500
111.0,16259,Pave,9,5,2006,9,2006,342643
99.0,12099,Pave,8,5,2004,6,2007,354000
86.0,10380,Pave,7,5,1986,8,2007,301000
49.0,5820,Pave,3,8,1955,7,2006,126175
96.0,11275,Pave,7,7,1967,6,2010,242000
50.0,5000,Pave,5,6,1941,12,2007,87000
32.0,10846,Pave,8,5,1993,5,2008,324000
80.0,11600,Pave,6,5,1960,4,2006,145250
,11888,Pave,6,6,1916,7,2009,214500
60.0,6402,Pave,5,5,1920,7,2009,78000
,10624,Pave,5,4,1964,11,2007,119000
70.0,8176,Pave,5,6,1958,8,2007,139000
85.0,10655,Pave,8,5,2003,10,2009,284000
59.0,8198,Pave,7,5,2004,7,2008,207000
59.0,9042,Pave,6,5,1998,7,2008,192000
,164660,Grvl,5,6,1965,8,2008,228950
86.0,14157,Pave,9,5,2005,7,2007,377426
70.0,9135,Pave,7,5,2002,12,2008,214000
91.0,14145,Pave,7,7,1984,5,2006,202500
66.0,12400,Pave,6,7,1958,6,2009,155000
85.0,14191,Pave,8,5,2002,4,2010,202900
60.0,8400,Pave,4,4,1950,9,2009,82000
,8544,Pave,3,4,1949,5,2006,87500
63.0,8849,Pave,9,5,2005,7,2008,266000
36.0,2592,Pave,5,3,1976,4,2010,85000
65.0,6435,Pave,6,5,1939,10,2006,140200
,12772,Pave,6,8,1960,4,2007,151500
,17600,Pave,6,5,1960,12,2009,157500
36.0,2448,Pave,7,5,2003,10,2008,154000
56.0,20431,Pave,9,5,2005,4,2006,437154
68.0,7820,Pave,9,5,2007,12,2007,318061
,5271,Pave,7,5,1986,12,2006,190000
60.0,9084,Pave,5,6,1941,3,2008,95000
60.0,8520,Pave,6,8,1928,5,2010,105900
60.0,8400,Pave,6,5,1940,6,2006,140000
105.0,11249,Pave,6,5,1995,8,2007,177500
,9248,Pave,6,6,1992,7,2009,173000
44.0,4224,Pave,5,5,1976,8,2007,134000
92.0,6930,Pave,5,4,1958,7,2006,130000
78.0,12011,Pave,8,5,1998,6,2006,280000
,7540,Pave,6,6,1978,6,2007,156000
,9144,Pave,5,5,1940,7,2008,145000
64.0,7301,Pave,7,5,2003,7,2009,198500
21.0,1680,Pave,6,8,1972,5,2009,118000
,18800,Pave,6,5,1976,7,2006,190000
59.0,10690,Pave,5,7,1920,7,2009,147000
,9500,Pave,6,5,1963,7,2009,159000
101.0,9150,Pave,6,5,1962,12,2008,165000
78.0,7800,Pave,5,6,1954,3,2010,132000
,9830,Pave,5,7,1959,3,2010,162000
,8121,Pave,6,5,2000,1,2006,172400
80.0,17120,Pave,4,4,1959,7,2008,134432
50.0,7175,Pave,6,5,1984,2,2010,125000
79.0,10634,Pave,5,6,1953,11,2009,123000
65.0,8200,Pave,7,5,2003,7,2007,219500
,10020,Pave,1,1,1922,3,2009,61000
57.0,8846,Pave,5,5,1996,7,2006,148000
102.0,11143,Pave,8,5,2004,12,2007,340000
88.0,11394,Pave,9,2,2010,6,2010,394432
60.0,8123,Pave,6,5,2000,6,2009,179000
50.0,5000,Pave,5,6,1924,5,2010,127000
60.0,7200,Pave,7,5,2006,8,2006,187750
79.0,9245,Pave,7,5,2006,4,2007,213500
60.0,9000,Pave,6,3,1928,10,2009,76000
,53107,Pave,6,5,1992,6,2007,240000
43.0,3182,Pave,8,5,2004,4,2010,192000
58.0,8410,Pave,5,3,1910,5,2006,81000
72.0,7200,Pave,6,6,1976,10,2009,125000
93.0,9382,Pave,7,5,1999,7,2008,191000
96.0,12474,Pave,10,5,2007,8,2008,426000
50.0,8405,Pave,5,8,1900,4,2008,119000
71.0,12209,Pave,6,5,2001,6,2009,215000
,8339,Pave,5,7,1959,7,2007,106500
,7446,Pave,4,5,1941,4,2006,100000
60.0,10134,Pave,5,6,1940,7,2007,109000
68.0,9571,Pave,5,6,1956,6,2010,129000
60.0,7200,Pave,5,5,1972,9,2009,123000
69.0,7590,Pave,5,5,1962,7,2007,169500
60.0,8967,Pave,5,2,1920,11,2007,67000
65.0,8125,Pave,7,5,2006,10,2009,241000
38.0,14963,Pave,8,5,1996,12,2008,245500
65.0,8767,Pave,7,5,2005,7,2006,164990
60.0,10200,Pave,5,8,1940,8,2008,108000
93.0,12090,Pave,8,5,1998,7,2006,258000
,10364,Pave,6,5,1995,5,2007,168000
,9991,Pave,4,4,1976,6,2009,150000
51.0,10480,Pave,6,5,1936,3,2008,115000
63.0,15576,Pave,6,7,1915,3,2008,177000
109.0,14154,Pave,7,5,2006,8,2007,280000
85.0,10800,Pave,8,5,2007,4,2008,339750
68.0,9571,Pave,5,3,1958,6,2009,60000
100.0,34650,Pave,5,5,1955,1,2006,145000
,4403,Pave,7,5,2009,6,2010,222000
56.0,8960,Pave,5,6,1927,3,2010,115000
59.0,11228,Pave,7,5,1993,12,2008,228000
73.0,8899,Pave,7,5,2007,8,2007,181134
74.0,7844,Pave,6,7,1978,3,2006,149500
86.0,22420,Pave,6,6,1918,11,2007,239000
60.0,8160,Pave,5,6,1940,4,2007,126000
65.0,8450,Pave,5,6,1968,7,2010,142000
78.0,7060,Pave,7,5,1997,11,2008,206300
,16635,Pave,6,7,1977,6,2009,215000
100.0,21750,Pave,5,5,1954,2,2008,113000
80.0,9200,Pave,8,5,1998,6,2008,315000
72.0,9000,Pave,6,5,1956,5,2008,139000
60.0,3378,Pave,7,8,1946,9,2009,135000
,12800,Pave,7,5,1989,8,2009,275000
77.0,8593,Pave,4,6,1957,7,2008,109008
64.0,6762,Pave,7,5,2007,9,2007,195400
130.0,11457,Pave,6,5,1988,3,2009,175000
21.0,1680,Pave,6,5,1971,7,2008,85400
60.0,5586,Pave,6,7,1920,9,2008,79900
24.0,1920,Pave,5,5,1971,8,2007,122500
100.0,10839,Pave,6,5,1997,7,2008,181000
21.0,1890,Pave,4,7,1972,6,2008,81000
43.0,10667,Pave,7,6,1996,4,2009,212000
40.0,4400,Pave,6,8,1920,10,2006,116000
50.0,6000,Pave,6,7,1926,1,2009,119000
40.0,4280,Pave,5,6,1913,3,2007,90350
67.0,12354,Pave,6,8,1920,8,2009,110000
105.0,15431,Pave,10,5,2008,4,2009,555000
92.0,12108,Pave,4,4,1955,9,2008,118000
52.0,6240,Pave,5,7,1930,6,2008,162900
53.0,3922,Pave,7,5,2006,6,2007,172500
70.0,8750,Pave,7,5,1994,7,2008,210000
73.0,9855,Pave,6,5,1956,11,2009,127500
137.0,16492,Pave,6,6,1966,6,2010,190000
,11214,Pave,7,5,1998,7,2006,199900
50.0,8600,Pave,6,6,1937,6,2006,119500
50.0,6000,Pave,3,7,1948,6,2007,120000
70.0,5684,Pave,6,8,1930,6,2006,110000
62.0,70761,Pave,7,5,1975,12,2006,280000
,9303,Pave,6,5,1996,7,2007,204000
75.0,9000,Pave,8,5,2008,6,2009,210000
63.0,9297,Pave,5,5,1976,7,2006,188000
80.0,9600,Pave,7,6,1973,9,2007,175500
34.0,4571,Pave,5,5,1916,5,2008,98000
,53227,Pave,4,6,1954,3,2008,256000
,5100,Pave,8,7,1925,6,2008,161000
,7015,Pave,5,4,1950,7,2009,110000
75.0,8004,Pave,8,5,2009,12,2009,263435
60.0,7200,Pave,7,9,1936,4,2009,155000
60.0,8281,Pave,5,5,1965,12,2009,62383
74.0,11988,Pave,6,7,1934,8,2008,188700
60.0,8430,Pave,5,5,1978,8,2009,124000
,3072,Pave,7,5,2004,5,2006,178740
85.0,10628,Pave,7,5,1970,4,2007,167000
79.0,9480,Pave,5,7,1942,6,2007,146500
98.0,11428,Pave,8,5,2006,5,2007,250000
76.0,9291,Pave,6,5,1993,6,2008,187000
,6820,Pave,8,5,1985,6,2010,212000
92.0,11952,Pave,7,6,1977,11,2007,190000
35.0,3675,Pave,6,5,2005,6,2008,148000
110.0,14977,Pave,8,5,2006,7,2007,440000
41.0,5330,Pave,8,5,2000,8,2007,251000
80.0,8480,Pave,5,6,1963,7,2007,132500
75.0,13125,Pave,6,5,1997,4,2008,208900
105.0,13693,Pave,9,5,2006,3,2007,380000
79.0,10637,Pave,8,5,2007,9,2009,297000
50.0,5925,Pave,4,7,1937,3,2007,89471
98.0,16033,Pave,9,5,2004,3,2006,326000
72.0,11846,Pave,9,5,2003,8,2006,374000
50.0,2500,Pave,7,8,1915,6,2009,155000
32.0,4500,Pave,6,5,1998,5,2006,164000
,7758,Pave,5,7,1962,3,2007,132500
80.0,9600,Pave,5,7,1950,7,2009,147000
79.0,10289,Pave,5,7,1965,6,2007,156000
70.0,12243,Pave,5,6,1971,2,2007,175000
60.0,10800,Pave,5,4,1900,5,2006,160000
21.0,1526,Pave,4,8,1970,5,2009,86000
,2665,Pave,5,6,1976,6,2008,115000
79.0,9490,Pave,6,7,1941,8,2006,133000
105.0,15578,Pave,6,5,2006,5,2006,172785
70.0,7931,Pave,5,6,1960,6,2008,155000
50.0,5784,Pave,5,8,1938,12,2009,91300
60.0,7879,Pave,4,5,1920,11,2009,34900
,12692,Pave,8,5,1992,5,2007,430000
60.0,9120,Pave,7,6,1925,6,2008,184000
65.0,7800,Pave,5,7,1967,6,2009,130000
70.0,7535,Pave,5,7,1958,6,2007,120000
21.0,1890,Pave,6,5,1973,5,2007,113000
75.0,9803,Pave,7,5,2005,2,2008,226700
70.0,9170,Pave,5,7,1965,4,2007,140000
100.0,15602,Pave,7,8,1959,3,2010,289000
24.0,2308,Pave,6,5,1974,6,2009,147000
60.0,7596,Pave,5,5,1952,7,2009,124500
80.0,9554,Pave,8,5,1993,9,2006,215000
75.0,7862,Pave,6,5,2009,9,2009,208300
60.0,9600,Pave,7,9,1928,10,2008,161000
80.0,9600,Pave,5,6,1959,7,2009,124500
75.0,14559,Pave,5,7,1951,6,2009,164900
40.0,6792,Pave,7,5,2005,3,2006,202665
70.0,9100,Pave,5,5,1958,7,2006,129900
71.0,9187,Pave,6,5,1983,6,2007,134000
55.0,10594,Pave,5,5,1926,6,2007,96500
94.0,12220,Pave,10,5,2009,9,2009,402861
,10448,Pave,6,6,1972,8,2009,158000
79.0,10208,Pave,7,5,1996,7,2009,265000
,9531,Pave,6,5,1998,5,2007,211000
53.0,10918,Pave,7,9,1926,6,2009,234000
60.0,10800,Pave,4,7,1900,8,2008,106250
90.0,11988,Pave,6,6,1957,5,2007,150000
50.0,5000,Pave,6,7,1947,10,2006,159000
130.0,40094,Pave,10,5,2007,10,2007,184750
95.0,11787,Pave,7,5,1996,8,2007,315750
62.0,7500,Pave,7,5,2005,4,2006,176000
70.0,13300,Pave,5,7,1956,6,2007,132000
67.0,14948,Pave,9,5,2008,11,2008,446261
58.0,9098,Pave,4,7,1920,7,2007,86000
,32668,Pave,6,3,1957,3,2007,200624
85.0,10200,Pave,6,5,1988,8,2008,175000
60.0,6155,Pave,6,8,1920,6,2008,128000
60.0,7200,Pave,5,7,1955,4,2010,107500
50.0,5000,Pave,1,3,1946,1,2007,39300
74.0,9056,Pave,8,5,2004,10,2006,178000
70.0,7000,Pave,5,7,1910,1,2008,107500
57.0,8924,Pave,7,5,1998,7,2008,188000
,12735,Pave,4,5,1972,4,2008,111250
,11553,Pave,5,5,1968,7,2006,158000
,11423,Pave,8,5,2001,5,2010,272000
85.0,14601,Pave,9,5,2006,3,2009,315000
,11000,Pave,8,5,2000,6,2007,248000
78.0,10140,Pave,7,5,1998,6,2009,213250
34.0,4058,Pave,7,5,1998,6,2007,133000
58.0,17104,Pave,7,5,2006,9,2006,179665
,13837,Pave,7,5,1988,2,2006,229000
70.0,8737,Pave,6,7,1923,5,2007,210000
54.0,7244,Pave,5,7,1970,4,2007,129500
49.0,8235,Pave,5,7,1955,6,2008,125000
75.0,9375,Pave,7,5,2003,11,2009,263000
53.0,4043,Pave,6,6,1977,10,2008,140000
50.0,6000,Pave,5,6,1957,6,2008,112500
87.0,11146,Pave,8,5,2006,7,2009,255500
67.0,8777,Pave,4,5,1949,5,2009,108000
85.0,10625,Pave,7,5,2003,8,2008,284000
58.0,6380,Pave,5,6,1922,8,2006,113000
69.0,14850,Pave,5,5,1957,5,2006,141000
60.0,11040,Pave,4,6,1920,9,2006,108000
57.0,21872,Pave,7,5,1996,8,2008,175000
,3196,Pave,7,5,2003,10,2006,234000
,11341,Pave,5,6,1957,5,2010,121500
77.0,10010,Pave,5,5,1974,4,2006,170000
63.0,13907,Pave,5,6,1940,7,2008,108000
66.0,21780,Pave,6,7,1918,7,2008,185000
,13346,Pave,7,5,1992,7,2006,268000
66.0,6858,Pave,6,4,1915,5,2010,128000
77.0,11198,Pave,9,5,2005,6,2008,325000
70.0,10171,Pave,7,5,2004,3,2010,214000
79.0,12327,Pave,8,8,1983,9,2009,316600
,7032,Pave,5,5,1979,12,2006,135960
74.0,13101,Pave,5,5,1965,11,2008,142600
60.0,7332,Pave,6,6,1959,10,2006,120000
83.0,13159,Pave,7,5,2009,7,2009,224500
76.0,9967,Pave,7,5,2000,12,2007,170000
70.0,10500,Pave,5,7,1971,12,2007,139000
80.0,8480,Pave,5,5,1947,10,2008,118500
52.0,6292,Pave,7,7,1928,8,2009,145000
96.0,11777,Pave,5,6,1966,5,2006,164500
34.0,3604,Pave,7,5,2007,2,2008,146000
81.0,12150,Pave,5,5,1954,11,2008,131500
,14585,Pave,6,6,1960,6,2007,181900
98.0,12704,Pave,8,5,2008,8,2009,253293
81.0,11841,Grvl,6,5,1990,5,2007,118500
75.0,13500,Pave,10,9,1893,7,2008,325000
51.0,6120,Pave,4,7,1935,7,2009,133000
88.0,11443,Pave,8,5,2005,3,2006,369900
55.0,10267,Pave,6,7,1918,5,2008,130000
74.0,8740,Pave,5,6,1982,7,2009,137000
65.0,25095,Pave,5,8,1968,6,2009,143000
50.0,9100,Pave,5,6,1930,8,2008,79500
64.0,8320,Pave,7,5,2004,9,2008,185900
97.0,13478,Pave,10,5,2008,6,2009,451950
60.0,6600,Pave,5,8,1982,6,2008,138000
,4435,Pave,6,5,2003,5,2009,140000
88.0,7990,Pave,5,6,1975,4,2008,110000
69.0,11302,Pave,8,5,2005,8,2006,319000
60.0,3600,Pave,6,7,1910,10,2006,114504
53.0,3922,Pave,7,5,2006,2,2007,194201
80.0,12984,Pave,5,6,1977,3,2006,217500
24.0,1950,Pave,6,6,1980,7,2008,151000
74.0,10927,Pave,8,5,2005,6,2006,275000
50.0,9000,Pave,6,6,1937,12,2007,141000
80.0,10041,Pave,8,5,1992,2,2006,220000
30.0,3182,Pave,7,5,2004,6,2010,151000
88.0,12803,Pave,7,5,2002,9,2008,221000
85.0,13600,Pave,7,6,1965,10,2009,205000
82.0,12464,Pave,5,5,1996,11,2009,152000
78.0,7800,Pave,5,8,1948,8,2006,225000
78.0,12168,Pave,8,6,1934,9,2007,359100
61.0,7943,Pave,4,5,1961,4,2007,118500
,11050,Pave,9,5,2000,5,2009,313000
,10395,Pave,6,6,1978,7,2007,148000
,11885,Pave,8,5,2001,11,2009,261500
70.0,8402,Pave,5,5,2007,12,2007,147000
21.0,1491,Pave,4,6,1972,5,2010,75500
80.0,8800,Pave,6,7,1963,5,2010,137500
,7861,Pave,6,5,2002,6,2006,183200
59.0,7227,Pave,6,6,1954,6,2008,105500
90.0,11694,Pave,9,5,2007,7,2007,314813
85.0,12244,Pave,8,5,2003,8,2008,305000
45.0,8248,Pave,3,3,1914,9,2008,67000
90.0,10800,Pave,6,7,1974,6,2008,240000
71.0,7064,Pave,5,6,1977,7,2009,135000
,2117,Pave,6,5,2000,6,2007,168500
80.0,10400,Pave,6,5,1972,11,2006,165150
87.0,10000,Pave,6,6,1962,2,2010,160000
,12342,Pave,5,5,1960,8,2007,139900
80.0,9600,Pave,6,6,1955,3,2010,153000
70.0,11606,Pave,5,5,1969,9,2007,135000
82.0,9020,Pave,6,5,1964,6,2008,168500
50.0,9000,Pave,5,6,1880,6,2006,124000
34.0,4590,Pave,8,5,2006,8,2007,209500
85.0,11900,Pave,7,5,1977,4,2009,82500
80.0,9250,Pave,5,7,1954,7,2007,139400
64.0,6979,Pave,6,5,1980,6,2010,144000
60.0,10896,Pave,6,7,1914,3,2007,200000
51.0,6120,Pave,2,3,1936,1,2009,60000
50.0,6000,Pave,5,4,1954,11,2009,93000
67.0,8777,Pave,5,7,1910,5,2008,85000
53.0,3982,Pave,8,5,2006,10,2006,264561
62.0,12677,Pave,8,5,2003,4,2008,274000
,7050,Pave,7,5,2001,5,2007,226000
75.0,13860,Pave,8,7,1972,7,2009,345000
80.0,10793,Pave,5,5,1969,4,2007,152000
85.0,9187,Pave,9,5,2009,10,2009,370878
,10530,Pave,6,5,1971,3,2007,143250
60.0,7200,Pave,5,5,1950,7,2008,98300
85.0,10452,Pave,6,5,1953,6,2008,155000
70.0,7700,Pave,6,5,1966,6,2010,155000
21.0,1936,Pave,4,6,1970,12,2007,84500
65.0,8125,Pave,7,6,2007,5,2008,205950
60.0,9084,Pave,4,5,1940,10,2009,108000
70.0,8750,Pave,7,5,1996,7,2009,191000
60.0,10320,Pave,6,7,1906,6,2008,135000
91.0,10437,Pave,8,6,1995,8,2008,350000
21.0,1680,Pave,6,5,1971,3,2010,88000
72.0,10007,Pave,5,7,1959,8,2008,145500
60.0,7200,Pave,7,6,1931,2,2008,149000
78.0,17503,Pave,6,5,1948,1,2010,97500
75.0,9937,Pave,5,7,1964,3,2009,167000
,12384,Pave,7,7,1976,11,2007,197900
52.0,46589,Pave,8,7,1994,7,2009,402000
120.0,13560,Pave,6,3,1968,7,2009,110000
90.0,10012,Pave,4,5,1972,4,2008,137500
49.0,20896,Pave,8,5,2005,1,2006,423000
106.0,11194,Pave,8,5,2000,11,2006,230500
,18450,Pave,6,5,1965,8,2007,129000
65.0,8125,Pave,6,5,1994,10,2008,193500
,14175,Pave,5,6,1956,11,2006,168000
80.0,11600,Pave,4,5,1922,7,2006,137500
64.0,8633,Pave,6,5,2005,2,2009,173500
54.0,6629,Pave,6,6,1925,7,2009,103600
,11250,Pave,6,6,1977,6,2006,165000
110.0,14442,Pave,6,7,1957,6,2007,257500
80.0,9200,Pave,6,6,1965,7,2008,140000
24.0,2289,Pave,6,6,1978,4,2009,148500
60.0,9600,Pave,4,2,1900,5,2006,87000
52.0,9022,Pave,5,8,1924,5,2009,109500
80.0,11844,Pave,8,5,2008,7,2009,372500
,9945,Pave,5,5,1961,10,2007,128500
50.0,8012,Pave,6,5,1980,5,2010,143000
55.0,4500,Pave,5,5,1932,7,2009,159434
,2887,Pave,6,5,1996,11,2008,173000
90.0,11248,Pave,9,5,2002,7,2007,285000
58.0,16770,Pave,7,5,1998,6,2010,221000
,5062,Pave,7,5,1984,9,2007,207500
84.0,10207,Pave,7,6,2007,8,2007,227875
,5105,Pave,7,5,2004,3,2007,148800
60.0,8089,Pave,8,6,2007,10,2007,392000
61.0,7577,Pave,6,5,2005,6,2007,194700
,4426,Pave,6,5,2004,5,2008,141000
104.0,21535,Pave,10,6,1994,1,2007,755000
42.0,26178,Pave,7,5,1989,4,2006,335000
60.0,5400,Pave,5,6,1921,12,2006,108480
51.0,6120,Pave,5,6,1936,4,2009,141500
54.0,13811,Pave,6,6,1987,7,2006,176000
50.0,6000,Pave,5,7,1921,6,2006,89000
57.0,6420,Pave,5,7,1952,9,2006,123500
65.0,8450,Pave,5,8,1965,4,2010,138500
59.0,4282,Pave,7,5,2004,7,2008,196000
85.0,14331,Pave,8,5,2002,5,2006,312500
80.0,9600,Pave,7,5,1969,7,2006,140000
82.0,12438,Pave,8,5,2006,7,2006,361919
76.0,7630,Pave,5,9,1900,5,2010,140000
70.0,8400,Pave,7,5,2004,5,2010,213000
70.0,5600,Pave,4,5,1930,7,2010,55000
,115149,Pave,7,5,1971,6,2007,302000
48.0,6240,Pave,8,5,2006,12,2009,254000
65.0,9018,Pave,7,5,2007,7,2007,179540
,7162,Pave,5,7,1966,12,2008,109900
56.0,4130,Pave,3,6,1935,7,2008,52000
66.0,8712,Pave,4,7,1900,1,2010,102776
40.0,4671,Pave,8,5,1988,10,2008,189000
60.0,9873,Pave,4,5,1970,5,2006,129000
,13517,Pave,6,8,1976,3,2010,130500
78.0,10140,Pave,6,5,1974,8,2009,165000
60.0,10800,Pave,7,8,1890,7,2007,159500
80.0,10000,Pave,5,6,1973,11,2008,157000
96.0,10542,Pave,7,5,1993,8,2008,341000
69.0,9920,Pave,5,6,1969,5,2006,128500
,6563,Pave,8,5,1985,12,2006,275000
,4426,Pave,6,5,2004,5,2010,143000
70.0,8120,Pave,4,7,1970,7,2009,124500
60.0,8172,Pave,4,6,1954,5,2008,135000
86.0,13286,Pave,9,5,2007,2,2009,320000
60.0,6960,Pave,4,6,1970,11,2009,120500
,21695,Pave,6,9,1988,12,2009,222000
64.0,7314,Pave,7,5,2007,2,2009,194500
85.0,11475,Pave,5,5,1958,7,2009,110000
52.0,6240,Pave,4,5,1925,1,2009,103000
39.0,5389,Pave,8,5,1995,3,2010,236500
73.0,9590,Pave,7,5,2003,5,2007,187500
75.0,11404,Pave,7,5,1998,7,2008,222500
80.0,10000,Pave,5,6,1961,3,2009,131400
,8978,Pave,5,5,1968,5,2007,108000
60.0,10800,Pave,7,7,1914,10,2006,163000
60.0,8544,Pave,3,4,1950,7,2006,93500
72.0,10463,Pave,8,5,2005,6,2006,239900
60.0,10800,Pave,5,5,1987,3,2009,179000
65.0,9313,Pave,7,5,2004,4,2009,190000
60.0,9600,Pave,5,7,1910,5,2007,132000
65.0,6768,Pave,6,8,1961,5,2008,142000
65.0,8450,Pave,7,5,2000,12,2007,179000
70.0,12886,Pave,5,6,1963,10,2009,175000
41.0,5395,Pave,8,5,1993,10,2008,180000
,8963,Pave,8,9,1976,7,2008,299800
,8795,Pave,7,5,2000,4,2009,236000
65.0,11700,Pave,7,7,1880,5,2009,265979
59.0,10593,Pave,7,5,1996,3,2010,260400
50.0,8405,Pave,4,3,1945,4,2009,98000
55.0,8800,Pave,4,7,1910,6,2010,96500
,7750,Pave,7,5,2003,8,2007,162000
79.0,9236,Pave,6,5,1997,7,2006,217000
80.0,10240,Pave,8,5,2005,3,2006,275500
61.0,7930,Pave,6,8,1969,7,2009,156000
34.0,3230,Pave,6,5,1999,3,2009,172500
68.0,10769,Pave,8,5,2007,4,2009,212000
,11616,Pave,6,5,1978,4,2010,158900
24.0,2280,Pave,7,5,1999,8,2008,179400
65.0,12257,Pave,8,5,1995,11,2007,290000
70.0,9100,Pave,6,6,1959,10,2009,127500
60.0,6911,Pave,5,5,1924,10,2009,100000
72.0,8640,Pave,7,5,2009,6,2010,215200
82.0,9430,Pave,8,5,1999,7,2009,337000
30.0,9549,Pave,8,5,1995,4,2006,270000
75.0,14587,Pave,9,5,2008,8,2008,264132
80.0,10421,Pave,7,5,1988,3,2010,196500
75.0,12508,Pave,6,7,1940,7,2008,160000
70.0,9100,Pave,7,5,2004,10,2006,216837
47.0,53504,Pave,8,5,2003,6,2010,538000
,7252,Pave,5,5,1982,4,2009,134900
67.0,8877,Pave,4,5,1951,4,2006,102000
94.0,7819,Pave,6,5,1976,3,2010,107000
70.0,10150,Pave,5,5,1958,7,2007,114500
110.0,14226,Pave,8,5,2006,7,2007,395000
32.0,4500,Pave,6,5,1998,6,2009,162000
86.0,11210,Pave,7,5,2005,7,2006,221500
100.0,13350,Pave,5,5,1974,6,2006,142500
60.0,8400,Pave,5,5,1977,10,2007,144000
78.0,10530,Pave,6,5,1977,5,2006,135000
63.0,7875,Pave,7,5,1995,6,2007,176000
65.0,7153,Pave,6,5,1992,7,2006,175900
67.0,16285,Pave,7,5,2001,6,2009,187100
,9101,Pave,5,6,1978,7,2009,165500
35.0,6300,Pave,6,6,1914,6,2008,128000
,9790,Pave,6,5,1967,9,2009,161500
60.0,10800,Pave,5,6,1915,6,2010,139000
76.0,10142,Pave,7,5,2004,1,2010,233000
50.0,6000,Pave,4,7,1954,8,2008,107900
,12205,Pave,6,8,1966,7,2007,187500
43.0,3182,Pave,7,5,2005,9,2009,160200
,11333,Pave,6,5,1976,5,2007,146800
92.0,9920,Pave,7,5,1996,6,2007,269790
76.0,9158,Pave,8,5,2007,6,2007,225000
,10832,Pave,7,5,1994,10,2008,194500
70.0,8400,Pave,6,6,1980,4,2010,171000
71.0,8197,Pave,6,5,1977,4,2007,143500
57.0,7677,Pave,5,5,1953,4,2008,110000
104.0,13518,Pave,9,5,2008,7,2009,485000
60.0,7200,Pave,5,7,1937,6,2007,175000
79.0,12798,Pave,6,5,1997,5,2008,200000
40.0,4800,Pave,4,7,1916,7,2007,109900
63.0,8199,Pave,7,5,2005,10,2008,189000
107.0,13891,Pave,9,5,2008,1,2009,582933
75.0,9000,Pave,5,5,1954,6,2006,118000
91.0,12274,Pave,7,5,2008,7,2008,227680
75.0,9750,Pave,5,5,1967,10,2006,135500
144.0,21384,Pave,5,6,1923,5,2009,223500
85.0,13400,Pave,5,5,1966,6,2006,159950
90.0,8100,Pave,5,5,1898,11,2009,106000
78.0,10140,Pave,6,6,1974,1,2006,181000
,4438,Pave,6,5,2004,6,2008,144500
66.0,8712,Grvl,5,5,1952,6,2010,55993
75.0,9750,Pave,6,6,1958,4,2007,157900
45.0,8248,Pave,5,7,1918,7,2006,116000
48.0,12137,Pave,7,5,1998,5,2010,224900
,11425,Pave,5,6,1954,7,2006,137000
,13265,Pave,8,5,2002,7,2008,271000
80.0,8816,Pave,6,7,1971,6,2010,155000
44.0,6371,Pave,7,5,2009,6,2010,224000
72.0,7226,Pave,7,5,2003,6,2008,183000
60.0,6000,Pave,4,4,1953,2,2009,93000
,12394,Pave,7,5,2003,10,2007,225000
60.0,9900,Pave,6,7,1940,7,2009,139500
81.0,11216,Pave,8,5,2006,6,2006,232600
114.0,14803,Pave,10,5,2007,6,2008,385000
50.0,6130,Pave,5,6,1924,5,2008,109500
65.0,8529,Pave,7,5,2001,4,2009,189000
,28698,Pave,5,5,1967,6,2009,185000
24.0,2544,Pave,7,5,2005,7,2006,147400
80.0,11900,Pave,6,5,1957,6,2008,166000
30.0,3180,Pave,7,5,2005,6,2006,151000
44.0,9548,Pave,7,6,2003,1,2010,237000
100.0,10004,Pave,6,6,1964,2,2009,167000
75.0,7875,Pave,5,6,1961,9,2008,139950
60.0,9600,Pave,4,7,1950,2,2010,128000
90.0,8100,Pave,5,6,1948,6,2007,153500
21.0,1680,Pave,6,5,1973,11,2008,100000
75.0,9525,Pave,5,6,1995,6,2008,144000
70.0,11767,Pave,5,6,1946,5,2008,130500
,12155,Pave,6,8,1925,3,2008,140000
60.0,10440,Pave,5,8,1904,6,2008,157500
82.0,9020,Pave,6,7,1966,5,2008,174900
80.0,8000,Pave,5,4,1961,7,2007,141000
100.0,12665,Pave,5,8,1915,6,2008,153900
,16647,Pave,5,5,1975,1,2007,171000
75.0,9317,Pave,7,5,1993,7,2009,213000
36.0,15523,Pave,5,6,1972,8,2009,133500
75.0,45600,Pave,6,8,1908,9,2008,240000
80.0,9600,Pave,6,7,1976,8,2007,187000
36.0,4435,Pave,6,5,2003,11,2007,131500
,3196,Pave,8,5,2003,5,2006,215000
53.0,7128,Pave,7,5,1941,8,2007,164000
,12095,Pave,6,6,1964,8,2009,158000
102.0,17920,Pave,5,4,1955,7,2006,170000
,6897,Pave,5,8,1962,4,2010,127000
,10970,Pave,6,6,1978,10,2008,147000
65.0,8125,Pave,6,5,1994,3,2009,174000
80.0,10400,Pave,7,5,1976,6,2009,152000
,11029,Pave,6,7,1968,8,2006,250000
55.0,7642,Pave,7,8,1918,6,2007,189950
75.0,11625,Pave,5,4,1965,4,2010,131500
81.0,9672,Pave,6,5,1984,5,2010,152000
70.0,7931,Pave,5,5,1959,7,2009,132500
72.0,8640,Pave,7,5,2007,5,2008,250580
,8750,Pave,5,6,1970,8,2009,148500
67.0,10656,Pave,8,5,2006,11,2007,248900
85.0,6970,Pave,4,5,1961,5,2007,129000
,14762,Pave,5,6,1948,5,2006,169000
80.0,9938,Pave,7,5,1993,6,2010,236000
60.0,6600,Pave,5,5,1962,8,2009,109500
70.0,8750,Pave,6,5,1998,6,2010,200500
74.0,8892,Pave,5,7,1953,10,2008,116000
60.0,12144,Pave,5,7,1949,9,2009,133000
52.0,5720,Pave,5,6,1941,8,2009,66500
75.0,9000,Pave,8,5,2007,8,2007,303477
94.0,25286,Pave,4,5,1963,1,2007,132250
74.0,8834,Pave,9,5,2004,6,2009,350000
88.0,11782,Pave,5,7,1961,6,2010,148000
,7000,Pave,5,8,1978,7,2009,136500
60.0,7024,Pave,5,5,2005,6,2007,157000
44.0,13758,Pave,7,5,1990,4,2007,187500
,9636,Pave,6,5,1992,12,2009,178000
60.0,6204,Pave,4,5,1912,3,2006,118500
65.0,7150,Pave,5,5,1967,7,2009,100000
50.0,5119,Pave,9,5,1999,1,2008,328900
70.0,8393,Pave,5,5,1959,6,2006,145000
59.0,16466,Pave,5,7,1955,4,2008,135500
95.0,15865,Pave,8,6,1970,10,2007,268000
128.0,12160,Pave,6,4,1953,2,2009,149500
60.0,8064,Pave,5,7,1949,7,2007,122900
70.0,11184,Pave,6,5,1978,7,2009,172500
70.0,8414,Pave,6,8,1963,2,2006,154500
,13284,Pave,5,5,1954,6,2008,165000
64.0,7018,Pave,5,5,1979,6,2009,118858
71.0,7056,Pave,6,5,1963,10,2008,140000
50.0,8765,Pave,4,6,1936,4,2006,106500
64.0,7018,Pave,5,5,1979,6,2009,142953
100.0,12919,Pave,9,5,2009,3,2010,611657
65.0,6993,Pave,5,7,1961,6,2006,135000
,7340,Pave,4,6,1971,6,2007,110000
64.0,8712,Pave,5,7,1957,5,2009,153000
63.0,7875,Pave,7,5,2003,7,2006,180000
50.0,14859,Pave,7,5,2006,8,2006,240000
,6173,Pave,5,6,1967,8,2007,125500
80.0,9920,Pave,5,5,1954,2,2010,128000
116.0,13501,Pave,8,5,2006,6,2007,255000
86.0,11500,Pave,7,7,1936,6,2006,250000
,8885,Pave,5,5,1983,6,2006,131000
149.0,12589,Pave,6,5,2005,6,2009,174000
80.0,11600,Pave,5,5,1960,1,2010,154300
,9286,Pave,5,7,1977,10,2009,143500
51.0,6120,Pave,5,7,1925,7,2006,88000
82.0,6270,Pave,5,6,1949,8,2007,145000
30.0,3000,Pave,6,5,2009,6,2009,173733
21.0,2001,Pave,4,5,1970,1,2007,75000
50.0,9000,Pave,2,3,1949,10,2006,35311
,17140,Pave,4,6,1956,4,2009,135000
103.0,13125,Pave,7,5,1991,11,2007,238000
87.0,11029,Pave,6,8,1958,5,2008,176500
70.0,8462,Pave,6,5,1994,7,2007,201000
67.0,8777,Pave,5,7,1900,9,2008,145900
65.0,10237,Pave,6,5,2005,10,2006,169990
50.0,8012,Pave,6,5,1993,7,2008,193000
79.0,10240,Pave,6,6,1980,5,2006,207500
,15611,Pave,5,6,1977,3,2008,175000
93.0,11999,Pave,8,5,2003,5,2007,285000
,9900,Pave,7,5,1968,4,2008,176000
,11838,Pave,8,5,2001,6,2009,236500
,13006,Pave,7,5,1997,11,2006,222000
73.0,8925,Pave,8,5,2007,7,2009,201000
70.0,9100,Pave,5,6,1965,7,2009,117500
84.0,11670,Pave,9,5,2006,3,2007,320000
63.0,8487,Pave,7,5,2004,8,2009,190000
313.0,27650,Pave,7,7,1960,11,2008,242000
52.0,5825,Pave,4,5,1926,6,2006,79900
67.0,10083,Pave,7,5,2003,8,2009,184900
75.0,9675,Pave,7,5,2005,2,2009,253000
73.0,8760,Pave,7,5,2006,8,2006,239799
,24090,Pave,7,7,1940,6,2010,244400
55.0,12640,Pave,6,5,1976,7,2006,150900
,8755,Pave,7,5,1999,6,2009,214000
42.0,7711,Pave,4,3,1977,8,2007,150000
100.0,25000,Pave,5,4,1967,6,2007,143000
,14375,Pave,6,6,1958,1,2009,137500
98.0,8820,Pave,5,6,1890,9,2009,124900
70.0,8163,Pave,5,6,1959,3,2006,143000
85.0,14536,Pave,8,5,2002,11,2007,270000
65.0,14006,Pave,7,5,2002,2,2006,192500
78.0,9360,Pave,6,7,1972,3,2010,197500
60.0,7200,Pave,5,8,1950,7,2007,129000
60.0,7800,Pave,5,5,1965,7,2006,119900
60.0,7200,Pave,5,8,1972,4,2009,133900
,11075,Pave,5,4,1969,9,2008,172000
35.0,9400,Pave,6,5,1975,10,2006,127500
82.0,7136,Pave,6,6,1946,8,2007,145000
24.0,1300,Pave,6,6,1980,5,2009,124000
70.0,7420,Pave,5,5,1962,4,2007,132000
65.0,8450,Pave,7,5,2003,10,2007,185000
24.0,2572,Pave,7,5,1999,5,2010,155000
50.0,7207,Pave,5,7,1958,2,2010,116500
,12227,Pave,6,7,1977,7,2008,272000
24.0,2308,Pave,6,6,1976,7,2007,155000
122.0,11923,Pave,9,5,2007,5,2009,239000
80.0,11316,Pave,7,5,2002,2,2010,214900
65.0,10237,Pave,6,5,2005,7,2007,178900
130.0,9600,Pave,5,7,1940,6,2009,160000
,7390,Pave,5,7,1955,7,2008,135000
50.0,5925,Pave,3,6,1910,5,2009,37900
75.0,10382,Pave,6,5,1958,3,2006,140000
60.0,10800,Pave,4,4,1949,12,2006,135000
36.0,2268,Pave,7,5,2003,7,2009,173000
55.0,7892,Pave,6,5,1979,4,2010,99500
95.0,11639,Pave,7,5,2007,12,2008,182000
60.0,11414,Pave,7,8,1910,10,2009,167500
,2651,Pave,7,5,2000,4,2006,165000
51.0,5900,Pave,4,7,1923,8,2006,85500
35.0,4274,Pave,7,5,2006,11,2007,199900
68.0,9450,Pave,4,5,1954,5,2007,110000
80.0,8816,Pave,5,6,1963,6,2009,139000
,12122,Pave,7,9,1961,7,2008,178400
98.0,12203,Pave,8,5,1998,7,2009,336000
43.0,3182,Pave,7,5,2007,3,2008,159895
,11250,Pave,8,5,2002,5,2008,255900
75.0,10125,Pave,5,5,1977,8,2009,126000
68.0,10880,Pave,5,5,1950,8,2008,125000
59.0,5310,Pave,6,8,1910,6,2006,117000
83.0,10159,Pave,9,5,2009,4,2010,395192
,12046,Pave,6,6,1976,6,2007,195000
65.0,8125,Pave,7,5,2006,8,2006,197000
82.0,9452,Pave,8,5,1997,6,2006,348000
121.0,17671,Pave,8,9,1882,11,2009,168000
80.0,9760,Pave,6,8,1964,7,2007,187000
68.0,8846,Pave,6,5,2005,8,2006,173900
96.0,12456,Pave,10,5,2006,7,2009,337500
51.0,4712,Pave,4,7,1946,8,2006,121600
,10659,Pave,5,6,1961,1,2006,136500
,11717,Pave,6,6,1970,2,2009,185000
60.0,9786,Pave,3,4,1922,5,2006,91000
64.0,6762,Pave,7,5,2006,2,2010,206000
74.0,10206,Pave,3,3,1952,7,2009,82000
60.0,5400,Pave,5,6,1920,1,2007,86000
75.0,11957,Pave,8,5,2006,7,2008,232000
,11500,Pave,5,6,1976,6,2007,136905
43.0,3182,Pave,7,5,2005,5,2009,181000
65.0,8385,Pave,5,8,1977,11,2008,149900
,12155,Pave,6,3,1970,3,2007,163500
21.0,2217,Pave,4,4,1970,8,2009,88000
43.0,12118,Pave,7,5,2004,4,2009,240000
60.0,6000,Pave,5,5,1926,6,2006,102000
115.0,21286,Pave,5,5,1948,8,2008,135000
75.0,9825,Pave,5,5,1965,5,2010,100000
55.0,10592,Pave,6,7,1923,8,2007,165000
60.0,7200,Pave,5,4,1910,6,2009,85000
60.0,11664,Pave,6,5,1948,11,2007,119200
70.0,8400,Pave,8,6,2001,11,2009,227000
73.0,11883,Pave,7,5,1996,6,2009,203000
,5814,Pave,8,5,1984,8,2009,187500
,10784,Pave,7,5,1991,5,2007,160000
43.0,3013,Pave,7,5,2005,4,2006,213490
60.0,7024,Pave,4,5,2005,6,2008,176000
64.0,7406,Pave,7,5,2006,7,2006,194000
52.0,9439,Pave,5,5,1930,3,2007,87000
43.0,3182,Pave,7,5,2005,5,2008,191000
,15498,Pave,8,6,1976,5,2008,287000
70.0,7700,Pave,5,5,1972,3,2007,112500
73.0,9300,Pave,5,5,1960,4,2010,167500
71.0,9520,Pave,8,5,2007,4,2008,293077
79.0,9492,Pave,5,5,1941,4,2007,105000
21.0,1680,Pave,6,7,1972,5,2006,118000
,7082,Pave,5,8,1916,7,2006,160000
102.0,15863,Pave,7,3,1920,8,2009,197000
,14541,Pave,8,7,1993,11,2006,310000
,8125,Pave,7,5,2002,2,2006,230000
50.0,6305,Pave,5,7,1938,6,2007,119750
,11500,Pave,4,3,1957,1,2009,84000
89.0,12898,Pave,9,5,2007,9,2009,315500
,9240,Pave,8,5,2001,9,2008,287000
21.0,1533,Pave,4,6,1970,5,2009,97000
21.0,1477,Pave,4,4,1970,4,2009,80000
88.0,13125,Pave,5,4,1957,1,2006,155000
,9130,Pave,6,8,1966,7,2008,173000
34.0,5381,Pave,6,5,2005,8,2009,196000
86.0,11839,Pave,7,5,1990,5,2008,262280
80.0,9600,Pave,8,5,1981,7,2009,278000
,13680,Pave,3,5,1955,6,2009,139600
85.0,16056,Pave,9,5,2005,7,2006,556581
57.0,9245,Pave,5,5,1994,2,2008,145000
100.0,21750,Pave,5,4,1960,11,2009,115000
60.0,11100,Pave,4,7,1946,4,2010,84900
73.0,8993,Pave,7,5,2007,8,2007,176485
103.0,11175,Pave,7,5,2007,10,2007,200141
100.0,9500,Pave,6,6,1964,6,2007,165000
68.0,8562,Pave,5,6,1957,5,2010,144500
90.0,11367,Pave,8,5,2002,11,2006,255000
104.0,11361,Pave,6,5,1976,5,2008,180000
43.0,7052,Pave,7,5,2005,6,2006,185850
,29959,Pave,7,6,1994,1,2009,248000
96.0,11308,Pave,9,5,2008,7,2009,335000
,11275,Pave,6,7,1932,3,2007,220000
41.0,4920,Pave,8,5,2001,4,2010,213500
120.0,18000,Grvl,3,4,1935,8,2008,81000
85.0,13600,Pave,5,5,1900,9,2007,90000
50.0,6000,Pave,6,6,1925,7,2006,110500
,11000,Pave,5,6,1966,11,2009,154000
80.0,14000,Pave,7,5,1996,4,2010,328000
59.0,7837,Pave,6,7,1993,5,2009,178000
80.0,9760,Pave,6,6,1964,6,2008,167900
42.0,3964,Pave,6,4,1973,6,2006,151400
60.0,9600,Pave,5,7,1949,5,2007,135000
72.0,10152,Pave,5,5,1956,6,2007,135000
78.0,11700,Pave,6,6,1968,5,2009,154000
50.0,7585,Pave,5,3,1948,8,2006,91500
75.0,7950,Pave,6,6,1977,7,2009,159500
74.0,8556,Pave,7,5,2006,5,2007,194000
75.0,13125,Pave,7,6,1940,7,2007,219500
60.0,10800,Pave,5,8,1936,4,2006,170000
,15870,Pave,5,5,1969,3,2006,138800
37.0,4435,Pave,6,5,2004,5,2006,155900
65.0,8775,Pave,5,5,1994,4,2007,126000
80.0,11040,Pave,6,7,1971,10,2008,145000
75.0,7500,Pave,5,5,1963,6,2010,133000
70.0,8749,Pave,7,5,2002,9,2007,192000
80.0,8800,Pave,6,6,1964,3,2006,160000
,13031,Pave,6,5,1995,7,2006,187500
73.0,9069,Pave,6,6,1992,4,2010,147000
,1974,Pave,4,5,1973,5,2010,83500
85.0,10574,Pave,8,5,2005,5,2009,252000
24.0,2522,Pave,7,5,2004,4,2006,137500
37.0,3316,Pave,8,5,2005,4,2006,197000
60.0,8544,Pave,3,4,1950,6,2009,92900
24.0,2160,Pave,7,5,1999,3,2008,160000
60.0,8400,Pave,6,5,1925,6,2008,136500
71.0,9230,Pave,5,8,1965,10,2006,146000
74.0,5868,Pave,5,7,1956,5,2010,129000
78.0,9317,Pave,6,5,2006,3,2007,176432
60.0,6882,Pave,6,7,1914,3,2007,127000
,3696,Pave,8,5,1986,10,2007,170000
50.0,6000,Pave,4,6,1936,7,2009,128000
82.0,11880,Pave,7,5,1978,4,2009,157000
60.0,8400,Pave,2,5,1920,1,2009,60000
61.0,9758,Pave,5,5,1971,7,2007,119500
70.0,7000,Pave,5,7,1960,4,2007,135000
79.0,8910,Pave,6,6,1959,7,2006,159500
24.0,2016,Pave,5,5,1970,4,2007,106000
98.0,12256,Pave,8,5,1994,4,2010,325000
114.0,10357,Pave,7,5,1990,5,2007,179900
168.0,23257,Pave,7,5,2006,9,2006,274725
,8063,Pave,6,5,2000,11,2007,181000
107.0,11362,Pave,8,5,2004,3,2009,280000
,8000,Pave,6,5,1995,6,2008,188000
80.0,10480,Pave,7,6,1976,9,2008,205000
73.0,7100,Pave,5,7,1957,7,2006,129900
66.0,8923,Pave,5,7,1953,5,2007,134500
90.0,5400,Pave,5,7,1954,8,2006,117000
93.0,12085,Pave,8,5,2007,11,2007,318000
,7750,Pave,8,5,2002,3,2009,184100
57.0,9764,Pave,5,7,1967,5,2008,130000
85.0,13825,Pave,5,6,1958,12,2008,140000
70.0,7560,Pave,5,5,1959,7,2006,133700
59.0,8263,Pave,6,5,1920,5,2007,118400
84.0,10084,Pave,7,5,2005,7,2006,212900
,8926,Pave,4,3,1956,10,2009,112000
50.0,9405,Pave,5,9,1947,6,2009,118000
,9125,Pave,7,5,1992,7,2007,163900
60.0,10434,Pave,4,5,1955,11,2009,115000
53.0,3684,Pave,7,5,2007,6,2009,174000
182.0,14572,Pave,7,5,2004,11,2007,259000
59.0,11796,Pave,7,5,2004,7,2007,215000
60.0,7200,Pave,5,5,1980,8,2007,140000
65.0,7804,Pave,4,3,1928,12,2009,135000
63.0,10712,Pave,5,5,1991,9,2007,93500
90.0,9900,Pave,6,4,1880,5,2007,117500
80.0,9828,Pave,8,5,1995,6,2009,239500
57.0,8773,Pave,6,5,1997,8,2007,169000
60.0,6180,Pave,6,5,1926,5,2007,102000
80.0,9600,Pave,6,5,1950,4,2008,119000
54.0,6342,Pave,5,8,1875,5,2010,94000
,9819,Pave,6,5,1977,5,2009,196000
98.0,8731,Pave,5,5,1920,5,2007,144000
60.0,7350,Pave,5,7,1951,6,2008,139000
,10304,Pave,5,7,1976,10,2009,197500
77.0,9965,Pave,8,5,2006,4,2007,424870
,9000,Pave,5,3,1959,7,2008,80000
60.0,12180,Pave,4,4,1941,7,2010,80000
52.0,6240,Pave,5,6,1928,8,2006,149000
,11200,Pave,6,5,1985,5,2006,180000
75.0,12000,Pave,7,7,1941,7,2009,174500
,5700,Pave,7,7,1926,8,2008,116900
50.0,9000,Pave,7,9,1920,7,2009,143000
57.0,8280,Pave,6,5,1950,11,2007,124000
134.0,17755,Pave,5,4,1959,11,2006,149900
90.0,14115,Pave,6,7,1956,7,2006,230000
,5890,Pave,6,8,1930,6,2008,120500
,13700,Pave,7,6,1965,5,2008,201800
90.0,10768,Pave,5,8,1976,7,2007,218000
85.0,9350,Pave,5,8,1965,10,2008,179900
34.0,5001,Pave,7,5,2007,7,2009,230000
92.0,11932,Pave,8,5,2007,6,2008,235128
76.0,9120,Pave,6,6,1974,7,2008,185000
24.0,2280,Pave,6,5,1978,7,2010,146000
,14778,Pave,6,7,1954,11,2008,224000
109.0,8724,Pave,5,5,1968,5,2007,129000
60.0,12900,Pave,4,4,1969,1,2008,108959
,16157,Pave,5,7,1978,6,2007,194000
79.0,9541,Pave,7,5,2009,9,2009,233170
64.0,10475,Pave,8,5,2008,2,2010,245350
58.0,10852,Pave,6,5,2000,2,2006,173000
120.0,13728,Pave,6,7,1935,7,2008,235000
118.0,35760,Pave,10,5,1995,7,2006,625000
76.0,9880,Pave,6,6,1977,7,2008,171000
76.0,9120,Pave,6,6,1958,11,2008,163000
35.0,4017,Pave,7,5,2006,3,2008,171900
138.0,18030,Pave,5,6,1946,3,2007,200500
80.0,16560,Pave,6,8,1932,7,2006,239000
85.0,10678,Pave,8,5,1992,4,2007,285000
37.0,6951,Pave,5,5,1984,10,2008,119500
,3950,Pave,6,8,1926,12,2009,115000
54.0,7681,Pave,5,6,1921,7,2009,154900
77.0,8335,Pave,5,5,1954,4,2006,93000
,11170,Pave,7,5,1990,4,2006,250000
64.0,5587,Pave,8,5,2008,11,2008,392500
160.0,15623,Pave,10,5,1996,7,2007,745000
60.0,10800,Pave,5,6,1920,6,2006,120000
50.0,35133,Grvl,5,4,1963,5,2007,186700
60.0,9738,Pave,5,7,1924,3,2006,104900
107.0,10615,Pave,3,5,1900,8,2009,95000
89.0,12461,Pave,8,5,1994,7,2006,262000
68.0,8935,Pave,7,5,2002,7,2009,195000
60.0,7500,Pave,7,5,1999,6,2010,189000
,32463,Pave,4,4,1961,3,2007,168000
24.0,2645,Pave,8,5,1999,11,2007,174000
60.0,9600,Pave,5,8,1925,7,2007,125000
,4500,Pave,6,5,1999,6,2009,165000
80.0,9364,Pave,6,7,1969,3,2010,158000
51.0,8029,Pave,6,5,2005,7,2008,176000
58.0,14054,Pave,7,5,2006,11,2006,219210
65.0,8850,Pave,7,6,1916,7,2006,144000
70.0,9100,Pave,7,5,2001,6,2009,178000
75.0,11235,Pave,4,5,1963,10,2006,148000
71.0,9353,Pave,4,5,1970,7,2006,116050
80.0,10400,Pave,7,5,1998,3,2009,197900
50.0,6000,Pave,5,8,1925,5,2009,117000
75.0,9750,Pave,7,5,2000,10,2009,213000
78.0,10140,Pave,5,6,1975,7,2006,153500
90.0,14684,Pave,7,7,1990,6,2009,271900
,8900,Pave,4,4,1966,11,2006,107000
70.0,9135,Pave,6,5,2003,5,2006,200000
70.0,7763,Pave,5,7,1962,10,2008,140000
85.0,10182,Pave,8,5,2006,5,2006,290000
70.0,11218,Pave,6,5,1992,5,2010,189000
152.0,12134,Pave,8,7,1988,6,2010,164000
50.0,9340,Pave,4,6,1941,8,2009,113000
,10246,Pave,4,9,1965,5,2006,145000
69.0,10205,Pave,5,5,1962,5,2006,134500
99.0,7094,Pave,5,5,1966,5,2007,125000
68.0,8930,Pave,6,5,1978,4,2010,112000
72.0,8640,Pave,8,5,2009,9,2009,229456
52.0,6240,Pave,4,5,1947,7,2006,80500
21.0,1680,Pave,6,5,1971,4,2006,91500
66.0,7800,Pave,5,5,1964,11,2006,115000
55.0,8250,Pave,5,5,1968,8,2008,134000
78.0,10496,Pave,6,6,1949,1,2007,143000
89.0,10680,Pave,5,3,1951,10,2006,137900
60.0,15384,Pave,7,5,2004,2,2008,184000
65.0,10482,Pave,6,8,1958,6,2007,145000
86.0,14598,Pave,6,5,2007,1,2008,214000
72.0,8872,Pave,5,8,1965,12,2008,147000
65.0,8769,Pave,9,5,2008,10,2008,367294
70.0,7910,Pave,5,5,1960,8,2008,127000
,18890,Pave,5,5,1977,8,2007,190000
70.0,7728,Pave,5,6,1962,5,2006,132500
70.0,9842,Pave,4,5,1962,3,2007,101800
,12160,Pave,5,5,1959,5,2010,142000
55.0,8525,Pave,5,6,1911,11,2008,130000
96.0,13132,Pave,5,5,1914,7,2006,138887
36.0,2628,Pave,7,5,2003,6,2010,175500
41.0,12393,Pave,7,5,2004,9,2006,195000
63.0,13072,Pave,6,5,2005,3,2006,142500
64.0,9037,Pave,8,5,2006,12,2007,265900
65.0,8158,Pave,7,5,2003,7,2008,224900
83.0,9849,Pave,7,6,2007,6,2007,248328
85.0,10625,Pave,7,6,1974,1,2010,170000
107.0,13891,Pave,10,5,2006,9,2006,465000
,11435,Pave,8,7,1929,6,2006,230000
78.0,12090,Pave,6,7,1984,1,2007,178000
65.0,8125,Pave,7,5,2005,3,2006,186500
,12328,Pave,6,5,1976,5,2010,169900
60.0,9600,Pave,6,5,1917,4,2008,129500
60.0,7200,Pave,5,7,1950,5,2007,119000
93.0,11160,Pave,7,5,1968,4,2010,244000
,3136,Pave,7,5,2003,3,2006,171750
62.0,9858,Pave,5,6,1968,11,2009,130000
,17542,Pave,7,7,1974,7,2007,294000
60.0,6931,Pave,7,5,2003,7,2008,165400
52.0,6240,Pave,6,6,1931,11,2007,127500
91.0,14303,Pave,8,5,1994,8,2008,301500
56.0,4060,Pave,5,8,1922,7,2009,99900
59.0,9587,Pave,7,5,2005,7,2008,190000
65.0,9750,Pave,6,8,1969,7,2008,151000
,24682,Pave,6,5,1999,6,2009,181000
80.0,9600,Pave,5,6,1956,6,2009,128900
,11250,Pave,4,5,1957,11,2009,161500
60.0,13515,Pave,6,6,1919,7,2007,180500
34.0,4060,Pave,6,5,1998,8,2008,181000
35.0,3735,Pave,7,5,1999,3,2006,183900
60.0,10120,Pave,7,4,1910,1,2007,122000
89.0,13214,Pave,9,5,2008,5,2010,378500
,14100,Pave,8,9,1935,5,2008,381000
78.0,11344,Pave,5,5,1958,7,2007,144000
,23595,Pave,7,6,1979,4,2010,260000
,9156,Pave,6,7,1968,8,2009,185750
,13526,Pave,5,6,1965,11,2006,137000
124.0,11512,Pave,6,7,1959,5,2008,177000
53.0,5362,Pave,5,6,1910,11,2007,139000
95.0,11345,Pave,5,5,1948,7,2007,137000
,12936,Pave,6,6,1972,12,2009,162000
,17871,Pave,6,5,1967,6,2009,197900
75.0,9473,Pave,8,5,2002,3,2008,237000
60.0,7500,Pave,4,4,1920,4,2010,68400
67.0,9808,Pave,7,5,2002,3,2009,227000
50.0,8049,Pave,7,5,1990,7,2006,180000
61.0,8800,Pave,5,7,1977,9,2009,150500
94.0,9400,Pave,6,5,1971,4,2010,139000
50.0,9638,Pave,6,7,1919,3,2010,169000
50.0,6000,Pave,6,6,1939,5,2009,132500
,9790,Pave,6,5,1963,6,2010,143000
,36500,Pave,5,5,1964,6,2006,190000
40.0,5664,Pave,8,5,2000,10,2009,278000
86.0,11065,Pave,8,5,2006,10,2006,281000
,14112,Pave,5,7,1964,4,2010,180500
21.0,1680,Pave,5,7,1972,2,2009,119500
60.0,6600,Pave,5,4,1892,12,2009,107500
78.0,10140,Pave,7,5,1976,3,2006,162900
60.0,8172,Pave,5,7,1955,4,2006,115000
70.0,8400,Pave,5,5,1968,11,2006,138500
80.0,8700,Pave,5,6,1963,12,2008,155000
35.0,3675,Pave,6,5,2005,6,2006,140000
313.0,63887,Pave,10,5,2008,1,2008,160000
75.0,7500,Pave,5,7,1959,5,2010,154000
,10762,Pave,7,5,1999,5,2009,225000
,7500,Pave,6,7,1942,11,2009,177500
92.0,10120,Pave,8,5,1994,12,2006,290000
73.0,8688,Pave,7,5,2005,4,2006,232000
32.0,3363,Pave,7,5,2004,4,2006,130000
108.0,13173,Pave,9,5,2006,11,2009,325000
48.0,6955,Pave,7,5,2005,9,2006,202500
60.0,8072,Pave,5,5,1994,5,2009,138000
100.0,12000,Pave,5,7,1948,5,2008,147000
,7153,Pave,6,5,1991,6,2008,179200
100.0,17500,Pave,7,8,1959,5,2010,335000
68.0,8814,Pave,7,5,2005,1,2007,203000
,9572,Pave,8,5,1990,6,2007,302000
108.0,14774,Pave,9,5,1999,5,2010,333168
60.0,8190,Pave,4,6,1954,10,2007,119000
85.0,11075,Pave,6,5,1969,6,2008,206900
61.0,10226,Pave,8,5,2008,1,2009,295493
47.0,4230,Pave,7,5,2006,4,2007,208900
,14781,Pave,8,5,2001,8,2006,275000
75.0,10215,Pave,4,5,1954,2,2007,111000
70.0,8400,Pave,6,3,1957,6,2009,156500
,6627,Pave,3,6,1949,7,2008,72500
107.0,10186,Pave,7,5,1992,6,2010,190000
50.0,5330,Pave,4,7,1940,12,2009,82500
75.0,9986,Pave,8,5,2006,2,2007,147000
40.0,3636,Pave,4,4,1922,1,2008,55000
70.0,4270,Pave,3,6,1931,5,2007,79000
60.0,6600,Pave,5,9,1982,10,2008,130500
60.0,10440,Pave,6,7,1920,6,2008,256000
63.0,9084,Pave,7,5,1998,6,2006,176500
85.0,10000,Pave,8,5,2006,12,2007,227000
55.0,10780,Pave,5,5,1976,7,2006,132500
67.0,8877,Pave,4,6,1938,5,2009,100000
60.0,7200,Pave,5,6,1938,7,2006,125500
24.0,2368,Pave,5,6,1970,5,2009,125000
80.0,9650,Pave,6,5,1977,4,2009,167900
87.0,9246,Pave,5,5,1973,11,2008,135000
153.0,4118,Pave,4,4,1941,3,2006,52500
95.0,13450,Pave,7,5,2002,6,2006,200000
120.0,9560,Pave,5,7,1972,6,2006,128500
70.0,8294,Pave,4,5,1971,6,2007,123000
66.0,13695,Pave,6,5,2003,7,2008,155000
,9375,Pave,8,5,2002,8,2007,228500
57.0,7558,Pave,6,6,1928,3,2009,177000
85.0,11103,Pave,7,5,2006,7,2007,155835
50.0,6000,Pave,4,4,1920,7,2007,108500
,20781,Pave,7,7,1968,6,2006,262500
93.0,15306,Pave,8,5,2006,5,2007,283463
,16196,Pave,7,5,1998,8,2007,215000
50.0,5250,Pave,8,5,1872,12,2008,122000
91.0,11643,Pave,5,5,1969,8,2009,200000
70.0,9247,Pave,6,6,1962,3,2008,171000
50.0,6000,Pave,6,9,1937,7,2009,134900
56.0,14720,Pave,8,5,1995,3,2010,410000
,10316,Pave,7,5,2000,6,2008,235000
102.0,10192,Pave,7,6,1968,9,2006,170000
,9477,Pave,5,5,1966,10,2008,110000
,12537,Pave,5,6,1971,4,2010,149900
,2117,Pave,6,5,2000,6,2010,177500
129.0,16737,Pave,9,5,2004,9,2006,315000
51.0,9842,Pave,5,6,1921,5,2008,189000
124.0,16158,Pave,7,5,2005,6,2009,260000
,12513,Pave,4,4,1920,6,2009,104900
73.0,8499,Pave,6,5,2006,3,2007,156932
30.0,3180,Pave,7,5,2005,4,2006,144152
,7500,Pave,7,5,2000,1,2010,216000
68.0,9179,Pave,7,5,1999,6,2008,193000
41.0,2665,Pave,5,6,1977,7,2006,127000
,4435,Pave,6,5,2003,6,2009,144000
48.0,10635,Pave,8,5,2003,5,2010,232000
90.0,5400,Pave,4,6,1920,10,2009,105000
80.0,9600,Pave,6,6,1955,10,2008,165500
75.0,9750,Pave,7,6,1998,6,2006,274300
,11400,Pave,10,5,2001,3,2007,466500
85.0,10625,Pave,7,5,2005,7,2008,250000
89.0,10991,Pave,8,5,2007,12,2007,239000
52.0,6292,Pave,6,5,1930,4,2008,91000
60.0,10998,Pave,5,5,1941,7,2009,117000
21.0,1953,Pave,6,5,1973,6,2006,83000
73.0,9735,Pave,5,5,2006,5,2008,167500
45.0,8212,Pave,3,3,1914,6,2010,58500
,12925,Pave,6,7,1970,5,2008,237500
60.0,7200,Pave,7,7,1920,10,2006,157000
,25339,Pave,5,7,1918,8,2007,112000
60.0,9060,Pave,6,5,1939,10,2009,105000
40.0,5436,Pave,4,8,1922,5,2010,125500
80.0,16692,Pave,7,5,1978,7,2006,250000
60.0,8520,Pave,6,7,1916,8,2007,136000
42.0,14892,Pave,9,5,2006,10,2009,377500
60.0,6000,Pave,6,6,1941,3,2007,131000
70.0,9100,Pave,7,5,2000,9,2006,235000
65.0,8944,Pave,5,5,1967,4,2009,124000
68.0,7838,Pave,5,5,1967,12,2006,123000
60.0,10800,Pave,6,7,1905,4,2008,163000
53.0,4045,Pave,7,5,2006,10,2006,246578
88.0,12665,Pave,8,5,2005,2,2007,281213
,57200,Pave,5,5,1948,6,2010,160000
51.0,6120,Pave,5,8,1920,5,2007,137500
60.0,7200,Pave,5,4,1950,5,2009,138000
51.0,6171,Pave,6,6,1925,10,2009,137450
50.0,6000,Pave,6,7,1929,7,2008,120000
62.0,7415,Pave,6,5,2004,4,2008,193000
64.0,6762,Pave,7,5,2006,7,2006,193879
49.0,15256,Pave,8,5,2007,8,2007,282922
60.0,10410,Pave,3,4,1915,1,2006,105000
44.0,3842,Pave,8,5,2004,1,2008,275000
70.0,8445,Pave,5,7,1972,3,2009,133000
,8780,Pave,5,5,1985,3,2009,112000
60.0,7740,Pave,4,7,1910,6,2010,125500
46.0,20544,Pave,7,6,1986,11,2008,215000
79.0,12420,Pave,7,5,2001,6,2009,230000
80.0,9600,Pave,6,8,1950,9,2009,140000
60.0,7200,Pave,4,5,1949,6,2009,90000
88.0,10994,Pave,8,5,2005,9,2009,257000
64.0,13053,Pave,6,7,1923,6,2008,207000
51.0,3635,Pave,7,5,2007,5,2009,175900
60.0,11340,Pave,4,6,1885,4,2010,122500
,16545,Pave,8,5,1998,5,2009,340000
71.0,9204,Pave,5,5,1963,8,2008,124000
,16381,Pave,6,5,1969,12,2006,223000
90.0,11700,Pave,6,6,1968,5,2006,179900
53.0,4043,Pave,6,5,1977,7,2010,127500
37.0,4435,Pave,6,5,2003,3,2008,136500
,19690,Pave,6,7,1966,8,2006,274970
,9503,Pave,5,5,1958,6,2007,144000
80.0,10721,Pave,6,6,1959,10,2008,142000
81.0,10944,Pave,7,5,1994,8,2008,271000
60.0,10930,Pave,5,6,1945,4,2008,140000
60.0,7200,Pave,5,7,1940,2,2010,119000
,12546,Pave,6,7,1981,4,2007,182900
60.0,21930,Pave,5,5,2005,7,2006,192140
,4928,Pave,6,6,1976,10,2009,143750
60.0,10800,Pave,4,6,1927,8,2007,64500
93.0,10261,Pave,6,5,2000,5,2008,186500
80.0,17400,Pave,5,5,1977,5,2006,160000
80.0,8400,Pave,6,9,1962,7,2008,174000
60.0,9000,Pave,4,6,1971,5,2007,120500
96.0,12444,Pave,8,5,2008,11,2008,394617
90.0,7407,Pave,6,7,1957,4,2010,149700
80.0,11584,Pave,7,6,1979,11,2007,197000
79.0,11526,Pave,6,7,1922,9,2008,191000
,4426,Pave,6,5,2004,5,2008,149300
85.0,11003,Pave,10,5,2008,4,2009,310000
,8854,Pave,6,6,1916,5,2009,121000
63.0,8500,Pave,7,5,2004,11,2007,179600
70.0,8400,Pave,6,5,1966,5,2007,129000
,26142,Pave,5,7,1962,4,2010,157900
80.0,10000,Pave,8,5,1995,12,2007,240000
70.0,11767,Pave,4,7,1910,5,2007,112000
21.0,1533,Pave,5,7,1970,8,2006,92000
60.0,9000,Pave,5,5,1974,9,2009,136000
78.0,9262,Pave,8,5,2008,5,2009,287090
35.0,3675,Pave,5,5,2005,5,2006,145000
90.0,17217,Pave,5,5,2006,7,2006,84500
62.0,7500,Pave,7,5,2004,10,2009,185000
62.0,7917,Pave,6,5,1999,8,2007,175000
85.0,13175,Pave,6,6,1978,2,2010,210000
66.0,9042,Pave,7,9,1941,5,2010,266500
68.0,9717,Pave,5,6,1950,4,2010,142125
75.0,9937,Pave,5,6,1965,6,2008,147500
